{"cameraMode":{"drawMode":0,"name":"Shaded","section":"Shading Mode"},"sceneLighting":true,"audioPlay":false,"sceneViewState":{"m_AlwaysRefresh":false,"showFog":true,"showSkybox":true,"showFlares":true,"showImageEffects":true,"showParticleSystems":true,"showVisualEffectGraphs":true,"m_FxEnabled":true},"in2DMode":false,"pivot":{"x":3.503004312515259,"y":1.979117512702942,"z":-0.6418114900588989},"rotation":{"x":-0.07039276510477066,"y":0.4125317633152008,"z":-0.03199158236384392,"w":-0.9076589941978455},"size":0.05228310823440552,"orthographic":false}