{"cameraMode":{"drawMode":0,"name":"Shaded","section":"Shading Mode"},"sceneLighting":true,"audioPlay":false,"sceneViewState":{"m_AlwaysRefresh":false,"showFog":true,"showSkybox":true,"showFlares":true,"showImageEffects":true,"showParticleSystems":true,"showVisualEffectGraphs":true,"m_FxEnabled":true},"in2DMode":false,"pivot":{"x":19.62198829650879,"y":1.1269088983535767,"z":-2.8430123329162599},"rotation":{"x":-0.014446093700826168,"y":-0.8236715197563171,"z":0.021389227360486985,"w":-0.5666165351867676},"size":8.939469337463379,"orthographic":false}